emso,ime,priimek,datum_rojstva,specializacija,izkusnje
6491863358167,Catlaina,Harlow,1969-05-30,osebni zdravnik,convallis nunc proin
0003968965835,Aida,Decruse,1982-07-22,osebni zdravnik,
2043594669751,Darryl,Womack,1965-04-17,osebni zdravnik,
8975553450467,Arlan,Enrique,1949-05-21,osebni zdravnik,quis libero nullam sit
8198940288536,Kissie,Jakeman,1968-06-08,osebni zdravnik,semper rutrum
5469429553638,Robers,Abrami,1946-03-17,osebni zdravnik,ac est lacinia nisi venenatis
6946138155716,Liam,Cartmell,1978-12-03,osebni zdravnik,tristique est
1807619203889,Louie,Welch,1947-02-04,osebni zdravnik,sociis natoque penatibus et
1501723936595,Stefania,Smallthwaite,1958-12-21,osebni zdravnik,
1287269650235,Ailbert,Redwing,1946-03-15,osebni zdravnik,
7718728128784,Brocky,Godbehere,1978-06-29,osebni zdravnik,dui nec nisi volutpat eleifend
7503952236995,Essa,Cotterel,1980-06-26,osebni zdravnik,montes nascetur ridiculus mus vivamus vestibulum
3506428506609,Bernard,Roadknight,1988-05-22,osebni zdravnik,donec odio justo sollicitudin ut suscipit
2341900867816,Gunilla,Bridgland,1950-04-14,osebni zdravnik,
8634271962601,Austin,Lewins,1947-05-21,osebni zdravnik,interdum in ante vestibulum
7081140589489,Harv,Vanyatin,1991-04-18,osebni zdravnik,
9398653912161,Valma,Popescu,1981-08-22,osebni zdravnik,
2042690981418,Amby,Feifer,1979-08-17,osebni zdravnik,morbi porttitor lorem id ligula suspendisse
6488902131270,Lockwood,Pembery,1973-07-24,osebni zdravnik,a feugiat et eros vestibulum
0279097441052,Reggy,Kirlin,1940-08-21,osebni zdravnik,
5918059300244,Catina,Richie,1977-03-12,osebni zdravnik,
1066483777535,Rhodia,Longmire,1952-08-23,osebni zdravnik,ultrices posuere cubilia curae donec pharetra
0359470062651,Carolus,Dunklee,1948-06-16,osebni zdravnik,
7737802433873,Karissa,Cisneros,1982-03-02,osebni zdravnik,
6421348841519,Rafi,Mattersley,1959-01-10,osebni zdravnik,sollicitudin vitae consectetuer eget rutrum
2504604849050,Lib,Titford,1989-09-24,osebni zdravnik,
7177016476911,Delinda,Sobczak,1981-11-08,osebni zdravnik,
7467089657650,Wilek,Sandyfirth,1952-02-15,osebni zdravnik,
6968666395589,Tanney,Tallboy,1949-07-01,osebni zdravnik,
2194259444049,Sandi,Lyburn,1976-11-02,osebni zdravnik,elementum eu interdum eu tincidunt
1960921194959,Ailsun,Verne,1948-06-03,osebni zdravnik,
0346870669179,Kariotta,Hourahan,1991-03-15,osebni zdravnik,
3620869483288,Silvain,Tewes,1977-08-14,osebni zdravnik,
3235584169448,Tybie,Branch,1942-10-23,osebni zdravnik,
1612646455502,Allsun,Kemmett,1954-07-07,osebni zdravnik,tempus semper
9222802555134,Dell,Da Costa,1985-05-01,osebni zdravnik,
8208811807809,Bette,Armatys,1967-06-16,osebni zdravnik,
2002540141273,Lancelot,Easton,1950-09-03,osebni zdravnik,in hac habitasse platea
9802987154929,Kris,Meneyer,1973-06-24,osebni zdravnik,libero nullam
2416193716067,Wynny,Reavey,1984-05-20,osebni zdravnik,
4466713290973,Ammamaria,Orred,1961-06-02,osebni zdravnik,magna vestibulum aliquet ultrices erat
0488339460067,Marleah,Vardy,1970-02-22,osebni zdravnik,fusce congue diam id
9783582801395,Emiline,Shrimptone,1981-12-06,osebni zdravnik,phasellus in felis donec semper sapien
2679908413160,Wainwright,Rippin,1945-09-02,osebni zdravnik,augue a suscipit nulla elit ac
0314338721288,Porter,Kamiyama,1943-04-08,osebni zdravnik,sapien cursus
3060593307092,Laney,Obal,1952-07-11,osebni zdravnik,
7810737039715,Jarad,Perigeaux,1951-10-29,osebni zdravnik,pellentesque at nulla
8259636942292,Nisse,Vallentin,1943-04-10,osebni zdravnik,
8810451970305,Levey,Swann,1953-10-14,osebni zdravnik,dapibus augue vel accumsan tellus nisi
6895036943089,Mercy,Jakucewicz,1953-06-29,osebni zdravnik,rutrum at lorem integer
9102469412084,Elvira,Muirhead,1980-01-30,osebni zdravnik,sodales sed tincidunt eu
3360413911178,Cate,Franklin,1952-02-18,osebni zdravnik,
6309794860690,Winthrop,Cherry,1959-03-07,osebni zdravnik,
0614704759150,Latrina,Glasspoole,1953-04-15,osebni zdravnik,
0837624346058,Sullivan,Todarello,1988-11-19,osebni zdravnik,
5552990004253,Elysee,Kimbrey,1973-12-05,osebni zdravnik,convallis duis consequat
2914351063357,Reggy,Bellerby,1970-08-22,osebni zdravnik,
4555145346141,Kienan,Iorns,1973-01-12,osebni zdravnik,orci pede venenatis non sodales
0152341711359,Krisha,Missenden,1941-09-22,osebni zdravnik,dictumst morbi vestibulum velit id pretium
5673303970657,Ealasaid,Mewha,1985-01-30,osebni zdravnik,
0707900704565,Tera,Gryglewski,1970-04-11,osebni zdravnik,
0550129988515,Peder,Summergill,1952-11-07,osebni zdravnik,
7046466468332,Reynold,Winton,1950-03-21,osebni zdravnik,
8299891529967,Violet,Chazerand,1941-01-08,osebni zdravnik,dui vel nisl
5506267365774,Karmen,Bourthouloume,1985-01-07,osebni zdravnik,
3210495149300,Hayley,Golagley,1977-05-10,osebni zdravnik,
9260280346999,Blanca,Puddan,1959-12-13,osebni zdravnik,
2196733179318,Aliza,Ellerker,1945-06-05,osebni zdravnik,
8696121960126,Reta,Hacaud,1978-06-13,osebni zdravnik,ut mauris eget massa
1726560662151,Jasun,Worley,1957-09-28,osebni zdravnik,
4453761547206,Shurlocke,Dinnies,1965-12-24,osebni zdravnik,
3505253277597,Courtnay,Wrenn,1985-01-19,osebni zdravnik,id lobortis convallis tortor risus
2241622598314,Olenolin,La Vigne,1984-02-10,osebni zdravnik,
0790772618066,Pearce,Flanaghan,1987-10-03,osebni zdravnik,in lectus pellentesque at
8233904500262,Tybalt,Parr,1969-02-11,osebni zdravnik,
7811330393125,Miguelita,Fritter,1976-06-11,osebni zdravnik,
8453025337210,Milt,Hune,1985-09-06,osebni zdravnik,
7579317345560,Simonne,Olenin,1940-07-18,osebni zdravnik,eu nibh quisque id justo sit
8724005144812,Berni,Gulc,1959-08-30,osebni zdravnik,dui luctus
2415061512604,Ariella,Tzar,1951-06-23,osebni zdravnik,
6454732568662,Mildred,O'Riordan,1964-01-22,osebni zdravnik,
6684625134493,Imogen,Linning,1989-11-08,osebni zdravnik,
1572535221646,Electra,Mathewes,1990-08-02,osebni zdravnik,
4300952290785,Ray,Whayman,1975-04-07,osebni zdravnik,platea dictumst aliquam augue quam sollicitudin
9489496020033,Lisette,Currier,1960-04-11,osebni zdravnik,
4761022199072,Kaleb,Allardyce,1962-02-28,osebni zdravnik,
1994619098965,Chance,Milius,1942-03-01,osebni zdravnik,
7286399084725,Winnah,Danser,1981-11-03,osebni zdravnik,lacus at velit vivamus vel nulla
0358563827712,Pennie,Pooley,1972-02-26,osebni zdravnik,
3644611289112,Noell,Goold,1974-01-30,osebni zdravnik,
7193991885973,Yanaton,Moorfield,1979-01-30,osebni zdravnik,
0233329945606,Becca,Stiller,1961-09-11,osebni zdravnik,faucibus orci
5734740619265,Decca,Goodright,1952-04-17,osebni zdravnik,non sodales sed tincidunt eu
3248552769412,Cornelle,Caulcutt,1961-12-17,osebni zdravnik,
9684849077446,Adella,Markushkin,1975-08-05,osebni zdravnik,
1848303892710,Chancey,Halpine,1985-01-04,osebni zdravnik,augue vel accumsan
6395898605364,Maddy,Ozintsev,1956-09-27,osebni zdravnik,tortor eu
7931098044292,Moss,Wilby,1975-10-23,osebni zdravnik,volutpat sapien arcu sed augue
8002125856186,Van,Willshire,1942-10-09,osebni zdravnik,
4953287616322,Allison,Palphramand,1982-05-12,osebni zdravnik,
